{
  "project_info": {
    "project_number": "180467629650",
    "project_id": "telegram-messenger-fce47",
    "storage_bucket": "telegram-messenger-fce47.appspot.com"
  },
  "client": [
    {
      "client_info": {
        "mobilesdk_app_id": "1:180467629650:android:e860f566a045dbb527298b",
        "android_client_info": {
          "package_name": "com.example.telegramclone"
        }
      },
      "oauth_client": [
        {
          "client_id": "180467629650-361tnmd0h8gbosv0pdjv2hftlnliuoth.apps.googleusercontent.com",
          "client_type": 1,
          "android_info": {
            "package_name": "com.example.telegramclone",
            "certificate_hash": "f61c8947469286943d7d12c1b571ba13b3718a9d"
          }
        },
        {
          "client_id": "180467629650-bn5qmco03s1e9mp9et60ku6cu0sr440g.apps.googleusercontent.com",
          "client_type": 3
        }
      ],
      "api_key": [
        {
          "current_key": "AIzaSyAkyU0URR4KhWPV1ZbekBgeeTat3Du3aUk"
        }
      ],
      "services": {
        "appinvite_service": {
          "other_platform_oauth_client": [
            {
              "client_id": "180467629650-bn5qmco03s1e9mp9et60ku6cu0sr440g.apps.googleusercontent.com",
              "client_type": 3
            }
          ]
        }
      }
    }
  ],
  "configuration_version": "1"
}